{"assets/lib/sqlean-linux-x86/define.so":["assets/lib/sqlean-linux-x86/define.so"],"assets/pic/1.png":["assets/pic/1.png"],"assets/pic/12.png":["assets/pic/12.png"],"assets/pic/30.png":["assets/pic/30.png"],"assets/pic/365.png":["assets/pic/365.png"],"assets/pic/7.png":["assets/pic/7.png"],"assets/pic/90.png":["assets/pic/90.png"],"assets/pic/logoEx_red.png":["assets/pic/logoEx_red.png"],"assets/pic/logoExx.png":["assets/pic/logoExx.png"],"assets/pic/no.png":["assets/pic/no.png"],"assets/sounds/tomato_clock_background_music.midi":["assets/sounds/tomato_clock_background_music.midi"],"assets/sounds/tomato_clock_background_music.mp3":["assets/sounds/tomato_clock_background_music.mp3"],"assets/sounds/zenmix_io/ccByMusicLicenseScreenShot.png":["assets/sounds/zenmix_io/ccByMusicLicenseScreenShot.png"],"assets/sounds/zenmix_io/ccByMusicScreenShot.png":["assets/sounds/zenmix_io/ccByMusicScreenShot.png"],"assets/sounds/zenmix_io/focus_and_concentration.mp3":["assets/sounds/zenmix_io/focus_and_concentration.mp3"],"assets/sounds/zenmix_io/license_free_version.txt":["assets/sounds/zenmix_io/license_free_version.txt"],"assets/sounds/zenmix_io/relaxing_your_mind.mp3":["assets/sounds/zenmix_io/relaxing_your_mind.mp3"],"packages/cupertino_icons/assets/CupertinoIcons.ttf":["packages/cupertino_icons/assets/CupertinoIcons.ttf"]}